id,titulo,descricao,tema,classe_esperada,classe_produzida,status
1,Câncer envolve crescimento desordenado de células,O câncer é caracterizado pelo crescimento desordenado de células que podem invadir tecidos e órgãos.,cancer,SUSTENTADA PELAS EVIDÊNCIAS,SUSTENTADA PELAS EVIDÊNCIAS,ACERTO
2,Existem mais de 100 tipos de câncer,O termo câncer corresponde a um conjunto de mais de 100 doenças diferentes.,cancer,SUSTENTADA PELAS EVIDÊNCIAS,SUSTENTADA PELAS EVIDÊNCIAS,ACERTO
3,Células cancerígenas podem causar metástase,Células cancerígenas podem se espalhar para outras regiões do corpo e atingir outros órgãos.,cancer,SUSTENTADA PELAS EVIDÊNCIAS,SUSTENTADA PELAS EVIDÊNCIAS,ACERTO
4,Tabagismo é fator de risco para câncer,O consumo de tabaco está entre os fatores de risco associados ao desenvolvimento de câncer.,cancer,SUSTENTADA PELAS EVIDÊNCIAS,SUSTENTADA PELAS EVIDÊNCIAS,ACERTO
5,Consumo excessivo de álcool é fator de risco para câncer,O consumo excessivo de bebidas alcoólicas está entre os fatores de risco relacionados ao câncer.,cancer,SUSTENTADA PELAS EVIDÊNCIAS,SUSTENTADA PELAS EVIDÊNCIAS,ACERTO
6,Vacinação pode participar da prevenção do câncer,A vacinação contra HPV e hepatite B faz parte das medidas de prevenção de determinados cânceres.,cancer,SUSTENTADA PELAS EVIDÊNCIAS,SUSTENTADA PELAS EVIDÊNCIAS,ACERTO
7,Quimioterapia pode ser utilizada contra o câncer,"Dependendo do tipo e estágio da doença, a quimioterapia pode fazer parte do tratamento do câncer.",cancer,SUSTENTADA PELAS EVIDÊNCIAS,SUSTENTADA PELAS EVIDÊNCIAS,ACERTO
8,Dengue é causada pelo DENV,"A dengue é uma arbovirose causada pelo vírus da dengue, denominado DENV.",dengue,SUSTENTADA PELAS EVIDÊNCIAS,SUSTENTADA PELAS EVIDÊNCIAS,ACERTO
9,Existem quatro sorotipos conhecidos do vírus da dengue,"São conhecidos os sorotipos DENV-1, DENV-2, DENV-3 e DENV-4.",dengue,SUSTENTADA PELAS EVIDÊNCIAS,SUSTENTADA PELAS EVIDÊNCIAS,ACERTO
10,Aedes aegypti é o principal transmissor da dengue,A principal forma de transmissão da dengue ocorre pela picada da fêmea infectada do mosquito Aedes aegypti.,dengue,SUSTENTADA PELAS EVIDÊNCIAS,SUSTENTADA PELAS EVIDÊNCIAS,ACERTO
11,Dengue pode não apresentar sintomas,Uma pessoa infectada pelo vírus da dengue pode permanecer assintomática.,dengue,SUSTENTADA PELAS EVIDÊNCIAS,SUSTENTADA PELAS EVIDÊNCIAS,ACERTO
12,Dengue pode evoluir para formas graves,"Embora muitos casos sejam leves, a dengue pode evoluir para formas graves da doença.",dengue,SUSTENTADA PELAS EVIDÊNCIAS,SUSTENTADA PELAS EVIDÊNCIAS,ACERTO
13,Febre alta pode ocorrer na dengue,A febre alta está entre os possíveis sintomas apresentados por pessoas com dengue.,dengue,SUSTENTADA PELAS EVIDÊNCIAS,SUSTENTADA PELAS EVIDÊNCIAS,ACERTO
14,Combater o Aedes aegypti ajuda na prevenção da dengue,O controle do mosquito Aedes aegypti constitui uma importante estratégia para prevenir e controlar a dengue.,dengue,SUSTENTADA PELAS EVIDÊNCIAS,SUSTENTADA PELAS EVIDÊNCIAS,ACERTO
15,Diabetes é uma doença crônica,O diabetes é uma doença crônica relacionada à produção insuficiente de insulina ou à utilização inadequada desse hormônio pelo organismo.,diabetes,SUSTENTADA PELAS EVIDÊNCIAS,SUSTENTADA PELAS EVIDÊNCIAS,ACERTO
16,Diabetes tipo 1 envolve destruição autoimune de células beta,O diabetes tipo 1 é caracterizado pela destruição autoimune das células beta pancreáticas.,diabetes,SUSTENTADA PELAS EVIDÊNCIAS,SUSTENTADA PELAS EVIDÊNCIAS,ACERTO
17,Diabetes tipo 2 está associado à resistência à insulina,A resistência insulínica é uma característica associada ao diabetes tipo 2.,diabetes,SUSTENTADA PELAS EVIDÊNCIAS,SUSTENTADA PELAS EVIDÊNCIAS,ACERTO
18,Obesidade é fator de risco para diabetes tipo 2,A obesidade está entre os fatores de risco relacionados ao desenvolvimento do diabetes tipo 2.,diabetes,SUSTENTADA PELAS EVIDÊNCIAS,SUSTENTADA PELAS EVIDÊNCIAS,ACERTO
19,Diabetes pode causar insuficiência renal,A insuficiência renal está entre as possíveis complicações do diabetes.,diabetes,SUSTENTADA PELAS EVIDÊNCIAS,SUSTENTADA PELAS EVIDÊNCIAS,ACERTO
20,Diabetes pode causar problemas cardiovasculares,Doenças cardiovasculares estão entre as complicações que podem ocorrer em pessoas com diabetes.,diabetes,SUSTENTADA PELAS EVIDÊNCIAS,SUSTENTADA PELAS EVIDÊNCIAS,ACERTO
21,Atividade física ajuda na prevenção do diabetes tipo 2,A prática regular de atividade física faz parte das medidas de prevenção do diabetes tipo 2.,diabetes,SUSTENTADA PELAS EVIDÊNCIAS,SUSTENTADA PELAS EVIDÊNCIAS,ACERTO
22,Hipertensão é caracterizada por pressão sanguínea elevada,A hipertensão arterial é uma condição crônica caracterizada por níveis elevados de pressão sanguínea.,hipertensao,SUSTENTADA PELAS EVIDÊNCIAS,SUSTENTADA PELAS EVIDÊNCIAS,ACERTO
23,Hipertensão aumenta o risco de AVC,A hipertensão arterial está entre os principais fatores de risco para acidente vascular cerebral.,hipertensao,SUSTENTADA PELAS EVIDÊNCIAS,SUSTENTADA PELAS EVIDÊNCIAS,ACERTO
24,Hipertensão pode estar relacionada à insuficiência renal,A insuficiência renal está entre as possíveis complicações associadas à hipertensão arterial.,hipertensao,SUSTENTADA PELAS EVIDÊNCIAS,SUSTENTADA PELAS EVIDÊNCIAS,ACERTO
25,Dieta rica em sal é fator de risco para hipertensão,O consumo elevado de sal está entre os fatores de risco relacionados à hipertensão arterial.,hipertensao,SUSTENTADA PELAS EVIDÊNCIAS,SUSTENTADA PELAS EVIDÊNCIAS,ACERTO
26,Sedentarismo é fator de risco para hipertensão,A falta de atividade física está entre os fatores de risco associados à hipertensão.,hipertensao,SUSTENTADA PELAS EVIDÊNCIAS,SUSTENTADA PELAS EVIDÊNCIAS,ACERTO
27,Reduzir o consumo de sal ajuda a prevenir hipertensão,A redução do consumo de sal faz parte das medidas de prevenção da hipertensão arterial.,hipertensao,SUSTENTADA PELAS EVIDÊNCIAS,SUSTENTADA PELAS EVIDÊNCIAS,ACERTO
28,Atividade física ajuda na prevenção da hipertensão,A prática regular de atividade física faz parte das medidas recomendadas para prevenir hipertensão.,hipertensao,SUSTENTADA PELAS EVIDÊNCIAS,SUSTENTADA PELAS EVIDÊNCIAS,ACERTO
29,Medicamentos essenciais atendem necessidades prioritárias de saúde,A OMS define medicamentos essenciais como aqueles destinados a satisfazer necessidades prioritárias de saúde da população.,medicamentos,SUSTENTADA PELAS EVIDÊNCIAS,SUSTENTADA PELAS EVIDÊNCIAS,ACERTO
30,Medicamentos essenciais devem estar disponíveis em quantidade suficiente,Os medicamentos considerados essenciais devem estar disponíveis em quantidade suficiente para atender às necessidades da população.,medicamentos,SUSTENTADA PELAS EVIDÊNCIAS,SUSTENTADA PELAS EVIDÊNCIAS,ACERTO
31,Medicamentos essenciais devem ter preços acessíveis,A disponibilidade de medicamentos essenciais deve ocorrer a preços acessíveis.,medicamentos,SUSTENTADA PELAS EVIDÊNCIAS,SUSTENTADA PELAS EVIDÊNCIAS,ACERTO
32,Lista de medicamentos essenciais da OMS serve de referência para países,A lista da OMS pode orientar países na elaboração de suas próprias listas nacionais e políticas de saúde.,medicamentos,SUSTENTADA PELAS EVIDÊNCIAS,SUSTENTADA PELAS EVIDÊNCIAS,ACERTO
33,Uso racional de medicamentos ajuda a evitar efeitos adversos,"O uso racional de medicamentos é importante para reduzir problemas como efeitos adversos, desperdício e resistência antimicrobiana.",medicamentos,SUSTENTADA PELAS EVIDÊNCIAS,SUSTENTADA PELAS EVIDÊNCIAS,ACERTO
34,Vacinas passam por avaliação antes da aprovação,"Antes de serem disponibilizadas à população, as vacinas passam por processos de avaliação.",vacinas,SUSTENTADA PELAS EVIDÊNCIAS,SUSTENTADA PELAS EVIDÊNCIAS,ACERTO
35,Anvisa avalia vacinas no Brasil,A Anvisa participa da avaliação regulatória e do registro de vacinas no Brasil.,vacinas,SUSTENTADA PELAS EVIDÊNCIAS,SUSTENTADA PELAS EVIDÊNCIAS,ACERTO
36,Segurança faz parte da avaliação das vacinas,A avaliação regulatória das vacinas considera informações relacionadas à segurança dos produtos.,vacinas,SUSTENTADA PELAS EVIDÊNCIAS,SUSTENTADA PELAS EVIDÊNCIAS,ACERTO
37,Eficácia é avaliada antes da aprovação de vacinas,Dados relacionados à eficácia fazem parte da avaliação realizada antes da disponibilização das vacinas.,vacinas,SUSTENTADA PELAS EVIDÊNCIAS,SUSTENTADA PELAS EVIDÊNCIAS,ACERTO
38,Vacinas continuam sendo monitoradas após aprovação,A segurança das vacinas continua sendo acompanhada mesmo depois que elas passam a ser utilizadas pela população.,vacinas,SUSTENTADA PELAS EVIDÊNCIAS,SUSTENTADA PELAS EVIDÊNCIAS,ACERTO
39,Farmacovigilância monitora possíveis eventos adversos de vacinas,A farmacovigilância permite identificar e avaliar possíveis eventos adversos relacionados às vacinas.,vacinas,SUSTENTADA PELAS EVIDÊNCIAS,SUSTENTADA PELAS EVIDÊNCIAS,ACERTO
40,Evento após vacinação não prova que a vacina foi a causa,A ocorrência de um problema depois da vacinação não significa automaticamente que ele tenha sido causado pela vacina; a relação causal precisa ser avaliada.,vacinas,SUSTENTADA PELAS EVIDÊNCIAS,SUSTENTADA PELAS EVIDÊNCIAS,ACERTO
41,Câncer pode causar metástase e também queda de cabelo espontânea,"Células cancerígenas podem se espalhar para outros órgãos por metástase, e toda pessoa com câncer também apresenta queda de cabelo espontânea causada diretamente pela doença.",cancer,PARCIALMENTE SUSTENTADA,PARCIALMENTE SUSTENTADA,ACERTO
42,Tabagismo aumenta o risco de câncer e determina a idade do diagnóstico,O tabagismo está entre os fatores de risco para câncer e também permite determinar exatamente em que idade uma pessoa desenvolverá a doença.,cancer,PARCIALMENTE SUSTENTADA,SUSTENTADA PELAS EVIDÊNCIAS,ERRO
43,Obesidade é fator de risco para câncer e provoca câncer de ouvido,A obesidade está entre os fatores de risco relacionados ao câncer e também provoca especificamente câncer de ouvido em todas as pessoas obesas.,cancer,PARCIALMENTE SUSTENTADA,SUSTENTADA PELAS EVIDÊNCIAS,ERRO
44,Vacinação participa da prevenção do câncer e reduz dores musculares,A vacinação contra HPV e hepatite B pode participar da prevenção de determinados cânceres e também reduz dores musculares em pacientes com câncer.,cancer,PARCIALMENTE SUSTENTADA,SUSTENTADA PELAS EVIDÊNCIAS,ERRO
45,Quimioterapia trata câncer e melhora a visão,A quimioterapia pode fazer parte do tratamento contra o câncer e também melhora a capacidade visual dos pacientes.,cancer,PARCIALMENTE SUSTENTADA,NÃO FOI POSSÍVEL VERIFICAR,ERRO
46,Exposição solar sem proteção é fator de risco e causa hipertensão,A exposição solar sem proteção está entre os fatores de risco relacionados ao câncer e também provoca hipertensão arterial.,cancer,PARCIALMENTE SUSTENTADA,PARCIALMENTE SUSTENTADA,ACERTO
47,Dengue é transmitida pelo Aedes aegypti e altera a cor dos olhos,A dengue é transmitida principalmente pela picada da fêmea infectada do Aedes aegypti e a infecção também altera temporariamente a cor dos olhos.,dengue,PARCIALMENTE SUSTENTADA,SUSTENTADA PELAS EVIDÊNCIAS,ERRO
48,Dengue pode causar febre alta e perda de cabelo,A febre alta está entre os possíveis sintomas da dengue e a doença também provoca queda de cabelo durante a fase inicial da infecção.,dengue,PARCIALMENTE SUSTENTADA,SUSTENTADA PELAS EVIDÊNCIAS,ERRO
49,Dengue pode ser assintomática e alterar a audição,A infecção pelo vírus da dengue pode não apresentar sintomas e também pode aumentar temporariamente a capacidade auditiva.,dengue,PARCIALMENTE SUSTENTADA,NÃO FOI POSSÍVEL VERIFICAR,ERRO
50,Eliminar água parada combate criadouros e melhora a imunidade,Eliminar locais que acumulam água ajuda a combater os criadouros do Aedes aegypti e também aumenta a imunidade das pessoas contra o vírus da dengue.,dengue,PARCIALMENTE SUSTENTADA,PARCIALMENTE SUSTENTADA,ACERTO
51,Dengue pode causar dor de cabeça e aumentar a glicemia,A dor de cabeça está entre os possíveis sintomas da dengue e a infecção também provoca aumento da glicemia em todos os pacientes.,dengue,PARCIALMENTE SUSTENTADA,SUSTENTADA PELAS EVIDÊNCIAS,ERRO
52,Dengue pode evoluir para formas graves e causar miopia,A dengue pode evoluir para quadros graves e também provoca miopia nos pacientes que desenvolvem a forma grave.,dengue,PARCIALMENTE SUSTENTADA,CONTRADITA PELAS EVIDÊNCIAS,ERRO
53,Diabetes pode causar insuficiência renal e alterar a audição,A insuficiência renal está entre as possíveis complicações do diabetes e a doença também provoca aumento da capacidade auditiva.,diabetes,PARCIALMENTE SUSTENTADA,SUSTENTADA PELAS EVIDÊNCIAS,ERRO
54,Diabetes tipo 2 está associado à resistência insulínica e causa febre,O diabetes tipo 2 está associado à resistência à insulina e também provoca episódios frequentes de febre alta.,diabetes,PARCIALMENTE SUSTENTADA,ENGANOSA,ERRO
55,Obesidade é fator de risco para diabetes tipo 2 e causa diabetes tipo 1,A obesidade está entre os fatores de risco relacionados ao diabetes tipo 2 e também provoca diretamente o desenvolvimento do diabetes tipo 1.,diabetes,PARCIALMENTE SUSTENTADA,SUSTENTADA PELAS EVIDÊNCIAS,ERRO
56,Atividade física ajuda a prevenir diabetes tipo 2 e melhora a audição,A atividade física regular participa da prevenção do diabetes tipo 2 e também melhora diretamente a capacidade auditiva.,diabetes,PARCIALMENTE SUSTENTADA,SUSTENTADA PELAS EVIDÊNCIAS,ERRO
57,Diabetes pode causar cegueira e alterar a cor dos cabelos,A cegueira está entre as possíveis complicações do diabetes e a doença também pode modificar permanentemente a cor natural dos cabelos.,diabetes,PARCIALMENTE SUSTENTADA,PARCIALMENTE SUSTENTADA,ACERTO
58,Insulina pode fazer parte do tratamento e também prevenir dengue,A insulina pode ser utilizada no tratamento do diabetes e seu uso também reduz o risco de uma pessoa contrair dengue.,diabetes,PARCIALMENTE SUSTENTADA,NÃO FOI POSSÍVEL VERIFICAR,ERRO
59,Hipertensão aumenta o risco de AVC e provoca queda de cabelo,A hipertensão arterial é fator de risco para AVC e também provoca queda de cabelo em pessoas hipertensas.,hipertensao,PARCIALMENTE SUSTENTADA,SUSTENTADA PELAS EVIDÊNCIAS,ERRO
60,Sal está relacionado à hipertensão e também ao vírus da dengue,Uma dieta rica em sal está entre os fatores de risco para hipertensão e o consumo elevado de sal também aumenta a multiplicação do vírus da dengue no organismo.,hipertensao,PARCIALMENTE SUSTENTADA,NÃO FOI POSSÍVEL VERIFICAR,ERRO
61,Atividade física ajuda a prevenir hipertensão e melhora a visão,A atividade física regular faz parte das medidas de prevenção da hipertensão e também melhora diretamente a capacidade visual.,hipertensao,PARCIALMENTE SUSTENTADA,PARCIALMENTE SUSTENTADA,ACERTO
62,Hipertensão pode causar insuficiência renal e modificar a audição,A insuficiência renal está entre as possíveis complicações da hipertensão e a condição também provoca alterações permanentes na audição.,hipertensao,PARCIALMENTE SUSTENTADA,SUSTENTADA PELAS EVIDÊNCIAS,ERRO
63,Obesidade é fator de risco para hipertensão e causa dengue,A obesidade está entre os fatores de risco associados à hipertensão e também aumenta diretamente a chance de uma pessoa ser infectada pelo vírus da dengue.,hipertensao,PARCIALMENTE SUSTENTADA,NÃO FOI POSSÍVEL VERIFICAR,ERRO
64,Reduzir o sal ajuda a prevenir hipertensão e previne câncer,A redução do consumo de sal faz parte das medidas de prevenção da hipertensão e também impede o desenvolvimento de câncer.,hipertensao,PARCIALMENTE SUSTENTADA,PARCIALMENTE SUSTENTADA,ACERTO
65,Hipertensão aumenta o risco cardiovascular e causa febre,A hipertensão está relacionada ao aumento do risco de doenças cardiovasculares e também provoca episódios de febre alta.,hipertensao,PARCIALMENTE SUSTENTADA,SUSTENTADA PELAS EVIDÊNCIAS,ERRO
66,Medicamentos essenciais atendem prioridades de saúde e melhoram a memória,Medicamentos essenciais atendem necessidades prioritárias de saúde da população e também melhoram a memória de qualquer pessoa que os utilize.,medicamentos,PARCIALMENTE SUSTENTADA,PARCIALMENTE SUSTENTADA,ACERTO
67,Medicamentos essenciais devem ser acessíveis e ter sabor agradável,Medicamentos essenciais devem estar disponíveis a preços acessíveis e também precisam apresentar sabor agradável.,medicamentos,PARCIALMENTE SUSTENTADA,SUSTENTADA PELAS EVIDÊNCIAS,ERRO
68,Uso racional reduz efeitos adversos e melhora a visão,O uso racional de medicamentos é importante para reduzir efeitos adversos e também aumenta a capacidade visual dos pacientes.,medicamentos,PARCIALMENTE SUSTENTADA,PARCIALMENTE SUSTENTADA,ACERTO
69,Lista da OMS orienta políticas nacionais e define preços mundiais,A lista de medicamentos essenciais da OMS serve como referência para políticas nacionais e também determina o preço de todos os medicamentos comercializados no mundo.,medicamentos,PARCIALMENTE SUSTENTADA,PARCIALMENTE SUSTENTADA,ACERTO
70,Medicamentos essenciais devem ter qualidade e embalagem azul,Os medicamentos essenciais devem possuir qualidade garantida e também precisam ser comercializados em embalagens azuis.,medicamentos,PARCIALMENTE SUSTENTADA,NÃO FOI POSSÍVEL VERIFICAR,ERRO
71,Uso racional ajuda a combater resistência antimicrobiana e previne câncer,O uso racional de medicamentos é importante para evitar resistência antimicrobiana e também reduz diretamente o risco de todos os tipos de câncer.,medicamentos,PARCIALMENTE SUSTENTADA,PARCIALMENTE SUSTENTADA,ACERTO
72,Vacinas passam por avaliação e aumentam a força muscular,As vacinas passam por avaliação antes de serem disponibilizadas à população e também aumentam a força muscular das pessoas vacinadas.,vacinas,PARCIALMENTE SUSTENTADA,PARCIALMENTE SUSTENTADA,ACERTO
73,Anvisa avalia vacinas e define calendários escolares,A Anvisa participa da avaliação regulatória das vacinas no Brasil e também determina os calendários das escolas brasileiras.,vacinas,PARCIALMENTE SUSTENTADA,NÃO FOI POSSÍVEL VERIFICAR,ERRO
74,Vacinas são monitoradas após aprovação e melhoram a visão,A segurança das vacinas continua sendo monitorada após sua aprovação e as vacinas também melhoram a capacidade visual das pessoas.,vacinas,PARCIALMENTE SUSTENTADA,SUSTENTADA PELAS EVIDÊNCIAS,ERRO
75,Farmacovigilância avalia eventos adversos e mede a pressão arterial,A farmacovigilância permite identificar e avaliar possíveis eventos adversos relacionados às vacinas e também é utilizada para medir a pressão arterial dos pacientes.,vacinas,PARCIALMENTE SUSTENTADA,SUSTENTADA PELAS EVIDÊNCIAS,ERRO
76,Evento após vacinação não prova causalidade e indica diabetes,Um evento ocorrido depois da vacinação não significa necessariamente que tenha sido causado pela vacina e também indica que a pessoa possui diabetes.,vacinas,PARCIALMENTE SUSTENTADA,SUSTENTADA PELAS EVIDÊNCIAS,ERRO
77,Segurança é avaliada nas vacinas e determina a cor da embalagem,A segurança faz parte da avaliação das vacinas antes da aprovação e essa avaliação também determina obrigatoriamente a cor das embalagens.,vacinas,PARCIALMENTE SUSTENTADA,NÃO FOI POSSÍVEL VERIFICAR,ERRO
78,Eficácia é considerada na avaliação e garante melhor memória,A eficácia é um dos aspectos considerados na avaliação de vacinas e uma vacina aprovada também melhora a memória das pessoas vacinadas.,vacinas,PARCIALMENTE SUSTENTADA,NÃO FOI POSSÍVEL VERIFICAR,ERRO
79,Vacinas têm acompanhamento de benefício-risco e reduzem obesidade,A relação entre benefícios e riscos das vacinas é acompanhada continuamente e a vacinação também provoca redução de peso em pessoas com obesidade.,vacinas,PARCIALMENTE SUSTENTADA,NÃO FOI POSSÍVEL VERIFICAR,ERRO
80,Farmacovigilância acompanha segurança e previne hipertensão,A farmacovigilância participa do acompanhamento da segurança das vacinas e também previne o desenvolvimento de hipertensão arterial.,vacinas,PARCIALMENTE SUSTENTADA,PARCIALMENTE SUSTENTADA,ACERTO
81,Hábitos saudáveis eliminam o risco de câncer,"Como hábitos saudáveis fazem parte da prevenção do câncer, quem mantém uma vida saudável fica completamente protegido contra qualquer tipo de câncer.",cancer,ENGANOSA,ENGANOSA,ACERTO
82,Vacina contra HPV protege contra todos os cânceres,"Como a vacinação contra HPV participa da prevenção do câncer, uma pessoa vacinada contra HPV não pode desenvolver nenhum tipo de câncer.",cancer,ENGANOSA,ENGANOSA,ACERTO
83,Ausência de metástase significa câncer inofensivo,"Como a metástase ocorre quando células cancerígenas se espalham para outros órgãos, um câncer sem metástase é necessariamente inofensivo.",cancer,ENGANOSA,ENGANOSA,ACERTO
84,Evitar tabaco impede completamente o câncer,"Como o tabagismo é um fator de risco para câncer, uma pessoa que nunca fuma fica totalmente protegida contra a doença.",cancer,ENGANOSA,ENGANOSA,ACERTO
85,Diagnóstico precoce garante cura do câncer,"Como o diagnóstico precoce é importante no enfrentamento do câncer, descobrir qualquer câncer precocemente garante a cura do paciente.",cancer,ENGANOSA,ENGANOSA,ACERTO
86,Predisposição genética torna o câncer inevitável,"Como a predisposição genética está entre os fatores de risco para câncer, toda pessoa com predisposição genética inevitavelmente desenvolverá a doença.",cancer,ENGANOSA,ENGANOSA,ACERTO
87,Eliminar água parada garante imunidade contra dengue,"Como eliminar locais com água acumulada combate criadouros do Aedes aegypti, quem elimina toda água parada de casa fica imune à dengue.",dengue,ENGANOSA,ENGANOSA,ACERTO
88,Pessoa sem febre não pode estar com dengue,"Como febre alta é um possível sintoma da dengue, uma pessoa que não apresenta febre certamente não está infectada.",dengue,ENGANOSA,NÃO FOI POSSÍVEL VERIFICAR,ERRO
89,Combater mosquitos elimina completamente a dengue,"Como o controle do Aedes aegypti é uma estratégia importante de prevenção, combater o mosquito garante a eliminação completa de qualquer risco de dengue.",dengue,ENGANOSA,ENGANOSA,ACERTO
90,Dengue leve nunca pode se agravar,"Como a dengue pode inicialmente apresentar manifestações leves, uma pessoa com sintomas leves está livre de qualquer possibilidade de evolução para doença grave.",dengue,ENGANOSA,CONTRADITA PELAS EVIDÊNCIAS,ERRO
91,Ausência de sintomas significa ausência do vírus da dengue,"Como alguns sintomas são característicos da dengue, uma pessoa sem sintomas não pode estar infectada pelo DENV.",dengue,ENGANOSA,ENGANOSA,ACERTO
92,Só existe risco de dengue quando há água parada dentro de casa,"Como eliminar água acumulada ajuda no combate aos criadouros, uma residência sem água parada elimina completamente o risco de seus moradores contraírem dengue.",dengue,ENGANOSA,ENGANOSA,ACERTO
93,Praticar exercícios torna impossível desenvolver diabetes tipo 2,"Como atividade física regular ajuda na prevenção do diabetes tipo 2, pessoas fisicamente ativas não podem desenvolver a doença.",diabetes,ENGANOSA,ENGANOSA,ACERTO
94,Peso adequado garante proteção total contra diabetes tipo 2,"Como a manutenção do peso adequado participa da prevenção do diabetes tipo 2, uma pessoa com peso adequado está totalmente protegida contra a doença.",diabetes,ENGANOSA,ENGANOSA,ACERTO
95,Evitar tabaco impede completamente o diabetes tipo 2,"Como evitar o tabagismo faz parte das medidas de prevenção do diabetes tipo 2, quem nunca fuma não pode desenvolver a doença.",diabetes,ENGANOSA,ENGANOSA,ACERTO
96,Diabetes tipo 2 ocorre somente em pessoas obesas,"Como a obesidade é um fator de risco para diabetes tipo 2, somente pessoas com obesidade desenvolvem esse tipo de diabetes.",diabetes,ENGANOSA,ENGANOSA,ACERTO
97,Uso de insulina impede qualquer complicação do diabetes,"Como a insulina pode fazer parte do tratamento do diabetes, seu uso garante que o paciente nunca desenvolverá complicações relacionadas à doença.",diabetes,ENGANOSA,ENGANOSA,ACERTO
98,Alimentação saudável elimina o risco de diabetes tipo 2,"Como uma dieta saudável participa da prevenção do diabetes tipo 2, alimentar-se de forma saudável garante proteção completa contra a doença.",diabetes,ENGANOSA,ENGANOSA,ACERTO
99,Reduzir sal impede completamente a hipertensão,"Como a redução do consumo de sal participa da prevenção da hipertensão, uma pessoa que reduz o sal da alimentação não pode desenvolver pressão alta.",hipertensao,ENGANOSA,ENGANOSA,ACERTO
100,Praticar atividade física torna impossível ter hipertensão,"Como a atividade física regular ajuda na prevenção da hipertensão, pessoas fisicamente ativas estão completamente protegidas contra pressão alta.",hipertensao,ENGANOSA,ENGANOSA,ACERTO
101,Pessoa com peso adequado não desenvolve hipertensão,"Como o controle do peso faz parte das medidas de prevenção da hipertensão, manter peso adequado elimina totalmente o risco de pressão alta.",hipertensao,ENGANOSA,ENGANOSA,ACERTO
102,Não fumar garante proteção contra hipertensão,"Como abandonar o tabagismo faz parte das medidas de prevenção, uma pessoa que não fuma nunca desenvolverá hipertensão.",hipertensao,ENGANOSA,ENGANOSA,ACERTO
103,Toda pessoa hipertensa terá um AVC,"Como a hipertensão é um importante fator de risco para AVC, todas as pessoas com hipertensão inevitavelmente sofrerão um acidente vascular cerebral.",hipertensao,ENGANOSA,ENGANOSA,ACERTO
104,Dieta rica em sal sempre causa hipertensão,"Como uma dieta rica em sal está entre os fatores de risco para hipertensão, qualquer pessoa que consuma muito sal necessariamente desenvolverá pressão alta.",hipertensao,ENGANOSA,ENGANOSA,ACERTO
105,Todo medicamento essencial serve para qualquer doença,"Como medicamentos essenciais atendem necessidades prioritárias de saúde, qualquer medicamento presente nessa categoria pode ser usado para tratar qualquer doença.",medicamentos,ENGANOSA,NÃO FOI POSSÍVEL VERIFICAR,ERRO
106,Medicamento essencial é sempre seguro para qualquer pessoa,"Como medicamentos essenciais possuem importância para a saúde da população, qualquer pessoa pode utilizá-los sem considerar riscos individuais.",medicamentos,ENGANOSA,ENGANOSA,ACERTO
107,Estar na lista da OMS significa que um medicamento é obrigatório para todos,"Como a OMS mantém uma lista de medicamentos essenciais, todos os medicamentos dessa lista devem obrigatoriamente ser utilizados por todas as pessoas.",medicamentos,ENGANOSA,ENGANOSA,ACERTO
108,Medicamento essencial deve estar disponível gratuitamente em qualquer lugar,"Como o acesso a medicamentos essenciais é importante e os preços devem ser acessíveis, todos eles obrigatoriamente devem ser gratuitos em qualquer estabelecimento.",medicamentos,ENGANOSA,PARCIALMENTE SUSTENTADA,ERRO
109,Uso racional elimina todos os efeitos adversos,"Como o uso racional de medicamentos ajuda a evitar efeitos adversos, utilizar medicamentos racionalmente garante que nenhum efeito adverso ocorrerá.",medicamentos,ENGANOSA,ENGANOSA,ACERTO
110,Lista da OMS determina exatamente os medicamentos de todos os países,"Como a lista de medicamentos essenciais da OMS serve como referência para políticas nacionais, todos os países devem possuir exatamente os mesmos medicamentos em suas listas.",medicamentos,ENGANOSA,NÃO FOI POSSÍVEL VERIFICAR,ERRO
111,Vacina aprovada nunca pode causar evento adverso,"Como vacinas passam por avaliação de segurança antes da aprovação, uma vacina aprovada é incapaz de estar associada a qualquer evento adverso.",vacinas,ENGANOSA,ENGANOSA,ACERTO
112,Vacina aprovada é totalmente livre de riscos,"Como qualidade, segurança e eficácia são avaliadas antes da aprovação, uma vacina aprovada não apresenta nenhum risco em nenhuma circunstância.",vacinas,ENGANOSA,ENGANOSA,ACERTO
113,Evento depois da vacinação prova que a vacina é perigosa,"Como eventos ocorridos após a vacinação são investigados pela farmacovigilância, qualquer evento apresentado depois da aplicação prova que a vacina é perigosa.",vacinas,ENGANOSA,ENGANOSA,ACERTO
114,Monitoramento após aprovação significa que a vacina não foi testada,"Como a segurança das vacinas continua sendo monitorada depois da aprovação, isso significa que elas são disponibilizadas antes de terem sua segurança avaliada.",vacinas,ENGANOSA,NÃO FOI POSSÍVEL VERIFICAR,ERRO
115,Vacina eficaz protege todas as pessoas igualmente,"Como a eficácia é considerada na avaliação das vacinas, uma vacina aprovada necessariamente oferece proteção total e idêntica para todas as pessoas.",vacinas,ENGANOSA,ENGANOSA,ACERTO
116,Ausência de evento adverso prova segurança absoluta da vacina,"Como eventos adversos são monitorados, uma pessoa que não apresenta nenhum evento após a vacinação pode concluir que a vacina é totalmente livre de riscos para todos.",vacinas,ENGANOSA,ENGANOSA,ACERTO
117,Farmacovigilância impede todos os eventos adversos,"Como a farmacovigilância identifica e acompanha possíveis eventos adversos, esse monitoramento impede que qualquer evento adverso relacionado a vacinas aconteça.",vacinas,ENGANOSA,ENGANOSA,ACERTO
118,Aprovação da Anvisa significa eficácia de 100%,"Como a Anvisa considera dados de eficácia na avaliação regulatória, toda vacina aprovada possui necessariamente eficácia de 100%.",vacinas,ENGANOSA,ENGANOSA,ACERTO
119,Monitoramento contínuo indica que vacinas aprovadas são inseguras,"Como a segurança continua sendo acompanhada após a disponibilização, a necessidade de monitoramento prova que as vacinas aprovadas são inseguras.",vacinas,ENGANOSA,NÃO FOI POSSÍVEL VERIFICAR,ERRO
120,Evento adverso após vacinação sempre foi causado pela vacina,"Como a farmacovigilância investiga eventos ocorridos após a vacinação, qualquer problema de saúde apresentado depois da aplicação necessariamente foi provocado pela vacina.",vacinas,ENGANOSA,ENGANOSA,ACERTO
121,Câncer é causado pelo crescimento ordenado das células,O câncer ocorre quando as células mantêm crescimento normal e perfeitamente ordenado nos tecidos.,cancer,CONTRADITA PELAS EVIDÊNCIAS,ENGANOSA,ERRO
122,Câncer não pode causar metástase,As células cancerígenas permanecem sempre no local de origem e não podem se espalhar para outros órgãos.,cancer,CONTRADITA PELAS EVIDÊNCIAS,CONTRADITA PELAS EVIDÊNCIAS,ACERTO
123,Tabagismo não é fator de risco para câncer,O consumo de tabaco não possui relação com fatores de risco para o desenvolvimento de câncer.,cancer,CONTRADITA PELAS EVIDÊNCIAS,CONTRADITA PELAS EVIDÊNCIAS,ACERTO
124,Obesidade não está relacionada ao risco de câncer,A obesidade não está entre os fatores de risco associados ao desenvolvimento de câncer.,cancer,CONTRADITA PELAS EVIDÊNCIAS,CONTRADITA PELAS EVIDÊNCIAS,ACERTO
125,Não existem medidas de prevenção contra o câncer,"Hábitos saudáveis, vacinação, rastreamento e diagnóstico precoce não fazem parte de nenhuma estratégia relacionada à prevenção do câncer.",cancer,CONTRADITA PELAS EVIDÊNCIAS,ENGANOSA,ERRO
126,Quimioterapia não é utilizada no tratamento do câncer,A quimioterapia não pode fazer parte do tratamento de pacientes com câncer.,cancer,CONTRADITA PELAS EVIDÊNCIAS,CONTRADITA PELAS EVIDÊNCIAS,ACERTO
127,Dengue não é causada por vírus,A dengue não é uma doença causada pelo vírus DENV.,dengue,CONTRADITA PELAS EVIDÊNCIAS,CONTRADITA PELAS EVIDÊNCIAS,ACERTO
128,Existe apenas um sorotipo do vírus da dengue,Somente um sorotipo do vírus da dengue é conhecido.,dengue,CONTRADITA PELAS EVIDÊNCIAS,CONTRADITA PELAS EVIDÊNCIAS,ACERTO
129,Aedes aegypti não participa da principal transmissão da dengue,A picada da fêmea infectada do Aedes aegypti não constitui a principal forma de transmissão da dengue.,dengue,CONTRADITA PELAS EVIDÊNCIAS,CONTRADITA PELAS EVIDÊNCIAS,ACERTO
130,Dengue sempre apresenta sintomas,Todas as pessoas infectadas pelo vírus da dengue obrigatoriamente apresentam manifestações clínicas.,dengue,CONTRADITA PELAS EVIDÊNCIAS,ENGANOSA,ERRO
131,Dengue não pode evoluir para formas graves,A dengue permanece sempre leve e não pode evoluir para quadros graves.,dengue,CONTRADITA PELAS EVIDÊNCIAS,CONTRADITA PELAS EVIDÊNCIAS,ACERTO
132,Combater o Aedes aegypti não ajuda a prevenir dengue,O controle do mosquito Aedes aegypti não possui importância como estratégia de prevenção e controle da dengue.,dengue,CONTRADITA PELAS EVIDÊNCIAS,CONTRADITA PELAS EVIDÊNCIAS,ACERTO
133,Água parada não tem relação com criadouros do Aedes,Eliminar locais que acumulam água não ajuda no combate aos criadouros do mosquito transmissor da dengue.,dengue,CONTRADITA PELAS EVIDÊNCIAS,CONTRADITA PELAS EVIDÊNCIAS,ACERTO
134,Diabetes não é uma doença crônica,O diabetes não pode ser classificado como uma doença crônica.,diabetes,CONTRADITA PELAS EVIDÊNCIAS,CONTRADITA PELAS EVIDÊNCIAS,ACERTO
135,Diabetes tipo 2 não está associado à resistência à insulina,A resistência insulínica não possui relação com o diabetes tipo 2.,diabetes,CONTRADITA PELAS EVIDÊNCIAS,CONTRADITA PELAS EVIDÊNCIAS,ACERTO
136,Obesidade não é fator de risco para diabetes tipo 2,A obesidade não está entre os fatores de risco relacionados ao diabetes tipo 2.,diabetes,CONTRADITA PELAS EVIDÊNCIAS,CONTRADITA PELAS EVIDÊNCIAS,ACERTO
137,Diabetes não pode causar insuficiência renal,A insuficiência renal não está entre as possíveis complicações do diabetes.,diabetes,CONTRADITA PELAS EVIDÊNCIAS,CONTRADITA PELAS EVIDÊNCIAS,ACERTO
138,Diabetes não causa complicações cardiovasculares,Doenças cardiovasculares não estão entre as possíveis complicações do diabetes.,diabetes,CONTRADITA PELAS EVIDÊNCIAS,CONTRADITA PELAS EVIDÊNCIAS,ACERTO
139,Atividade física não ajuda a prevenir diabetes tipo 2,A prática regular de atividade física não faz parte das medidas de prevenção do diabetes tipo 2.,diabetes,CONTRADITA PELAS EVIDÊNCIAS,ENGANOSA,ERRO
140,Alimentação saudável não participa da prevenção do diabetes tipo 2,Uma dieta saudável não possui relação com as medidas de prevenção do diabetes tipo 2.,diabetes,CONTRADITA PELAS EVIDÊNCIAS,CONTRADITA PELAS EVIDÊNCIAS,ACERTO
141,Hipertensão não envolve pressão sanguínea elevada,A hipertensão arterial não é caracterizada por níveis elevados de pressão sanguínea.,hipertensao,CONTRADITA PELAS EVIDÊNCIAS,CONTRADITA PELAS EVIDÊNCIAS,ACERTO
142,Hipertensão não aumenta o risco de AVC,A hipertensão arterial não está relacionada ao aumento do risco de acidente vascular cerebral.,hipertensao,CONTRADITA PELAS EVIDÊNCIAS,CONTRADITA PELAS EVIDÊNCIAS,ACERTO
143,Hipertensão não está associada à insuficiência renal,A insuficiência renal não está entre as possíveis complicações relacionadas à hipertensão.,hipertensao,CONTRADITA PELAS EVIDÊNCIAS,CONTRADITA PELAS EVIDÊNCIAS,ACERTO
144,Consumo elevado de sal não é fator de risco para hipertensão,Uma dieta rica em sal não está entre os fatores de risco relacionados à hipertensão arterial.,hipertensao,CONTRADITA PELAS EVIDÊNCIAS,CONTRADITA PELAS EVIDÊNCIAS,ACERTO
145,Sedentarismo não é fator de risco para hipertensão,A falta de atividade física não está entre os fatores de risco associados à hipertensão.,hipertensao,CONTRADITA PELAS EVIDÊNCIAS,CONTRADITA PELAS EVIDÊNCIAS,ACERTO
146,Atividade física não ajuda na prevenção da hipertensão,A prática regular de atividade física não faz parte das medidas de prevenção da hipertensão arterial.,hipertensao,CONTRADITA PELAS EVIDÊNCIAS,ENGANOSA,ERRO
147,Medicamentos essenciais não atendem necessidades prioritárias,Medicamentos essenciais não são definidos a partir das necessidades prioritárias de saúde da população.,medicamentos,CONTRADITA PELAS EVIDÊNCIAS,CONTRADITA PELAS EVIDÊNCIAS,ACERTO
148,Medicamentos essenciais não precisam estar disponíveis,Não existe recomendação de que medicamentos essenciais estejam disponíveis em quantidade suficiente para a população.,medicamentos,CONTRADITA PELAS EVIDÊNCIAS,ENGANOSA,ERRO
149,Preço acessível não é característica dos medicamentos essenciais,A acessibilidade de preço não faz parte das características esperadas para medicamentos essenciais.,medicamentos,CONTRADITA PELAS EVIDÊNCIAS,ENGANOSA,ERRO
150,Lista da OMS não serve de referência para políticas nacionais,A lista de medicamentos essenciais da OMS não é utilizada como referência para listas nacionais ou políticas de saúde.,medicamentos,CONTRADITA PELAS EVIDÊNCIAS,SUSTENTADA PELAS EVIDÊNCIAS,ERRO
151,Uso racional não ajuda a reduzir efeitos adversos,O uso racional de medicamentos não possui importância para evitar efeitos adversos.,medicamentos,CONTRADITA PELAS EVIDÊNCIAS,ENGANOSA,ERRO
152,Uso racional não tem relação com resistência antimicrobiana,O uso racional de medicamentos não possui relação com a prevenção da resistência antimicrobiana.,medicamentos,CONTRADITA PELAS EVIDÊNCIAS,ENGANOSA,ERRO
153,Vacinas são disponibilizadas sem avaliação prévia,As vacinas podem ser disponibilizadas à população sem passar por processos de avaliação antes da aprovação.,vacinas,CONTRADITA PELAS EVIDÊNCIAS,CONTRADITA PELAS EVIDÊNCIAS,ACERTO
154,Anvisa não participa da avaliação de vacinas,A Anvisa não possui participação na avaliação regulatória e no registro de vacinas no Brasil.,vacinas,CONTRADITA PELAS EVIDÊNCIAS,CONTRADITA PELAS EVIDÊNCIAS,ACERTO
155,Segurança não é avaliada antes da aprovação de vacinas,Os dados de segurança não fazem parte do processo de avaliação regulatória das vacinas.,vacinas,CONTRADITA PELAS EVIDÊNCIAS,CONTRADITA PELAS EVIDÊNCIAS,ACERTO
156,Eficácia não é considerada na avaliação de vacinas,Informações relacionadas à eficácia não são consideradas durante a avaliação das vacinas.,vacinas,CONTRADITA PELAS EVIDÊNCIAS,ENGANOSA,ERRO
157,Vacinas deixam de ser monitoradas depois da aprovação,"Depois que uma vacina é disponibilizada à população, sua segurança deixa de ser monitorada.",vacinas,CONTRADITA PELAS EVIDÊNCIAS,CONTRADITA PELAS EVIDÊNCIAS,ACERTO
158,Farmacovigilância não acompanha eventos adversos de vacinas,A farmacovigilância não é utilizada para identificar ou avaliar possíveis eventos adversos relacionados às vacinas.,vacinas,CONTRADITA PELAS EVIDÊNCIAS,ENGANOSA,ERRO
159,Todo evento após vacinação prova causalidade,A ocorrência de qualquer problema de saúde depois de uma vacinação significa automaticamente que a vacina causou esse evento.,vacinas,CONTRADITA PELAS EVIDÊNCIAS,ENGANOSA,ERRO
160,Benefícios e riscos das vacinas não são acompanhados continuamente,"Depois da aprovação de uma vacina, não existe acompanhamento contínuo da relação entre seus benefícios e riscos.",vacinas,CONTRADITA PELAS EVIDÊNCIAS,SUSTENTADA PELAS EVIDÊNCIAS,ERRO
161,Chá de camomila reduz o risco de câncer,Beber chá de camomila todas as noites reduz diretamente o risco de uma pessoa desenvolver câncer.,cancer,NÃO FOI POSSÍVEL VERIFICAR,NÃO FOI POSSÍVEL VERIFICAR,ACERTO
162,Dormir nove horas previne câncer,Dormir exatamente nove horas por noite reduz a probabilidade de desenvolver qualquer tipo de câncer.,cancer,NÃO FOI POSSÍVEL VERIFICAR,NÃO FOI POSSÍVEL VERIFICAR,ACERTO
163,Ouvir música ajuda na prevenção do câncer,Ouvir música durante pelo menos trinta minutos diariamente reduz o risco de desenvolver câncer.,cancer,NÃO FOI POSSÍVEL VERIFICAR,NÃO FOI POSSÍVEL VERIFICAR,ACERTO
164,Banho frio reduz o risco de câncer,Tomar banho frio diariamente ajuda a prevenir o desenvolvimento de câncer.,cancer,NÃO FOI POSSÍVEL VERIFICAR,NÃO FOI POSSÍVEL VERIFICAR,ACERTO
165,Horário das refeições altera o risco de câncer,Jantar depois das 22 horas aumenta diretamente o risco de uma pessoa desenvolver câncer.,cancer,NÃO FOI POSSÍVEL VERIFICAR,NÃO FOI POSSÍVEL VERIFICAR,ACERTO
166,Cor da roupa interfere no risco de câncer,Usar roupas de cores claras diariamente reduz o risco de desenvolvimento de câncer.,cancer,NÃO FOI POSSÍVEL VERIFICAR,NÃO FOI POSSÍVEL VERIFICAR,ACERTO
167,Música afasta o mosquito da dengue,Ouvir música em volume alto dentro de casa reduz a aproximação do Aedes aegypti e o risco de dengue.,dengue,NÃO FOI POSSÍVEL VERIFICAR,NÃO FOI POSSÍVEL VERIFICAR,ACERTO
168,Banho frio ajuda a prevenir dengue,Tomar banho frio todos os dias reduz a probabilidade de uma pessoa ser infectada pelo vírus da dengue.,dengue,NÃO FOI POSSÍVEL VERIFICAR,NÃO FOI POSSÍVEL VERIFICAR,ACERTO
169,Roupas azuis reduzem o risco de dengue,Vestir roupas azuis diminui a chance de uma pessoa ser picada pelo mosquito transmissor da dengue.,dengue,NÃO FOI POSSÍVEL VERIFICAR,NÃO FOI POSSÍVEL VERIFICAR,ACERTO
170,Dormir mais reduz o risco de dengue,Pessoas que dormem pelo menos nove horas por noite apresentam menor risco de contrair dengue.,dengue,NÃO FOI POSSÍVEL VERIFICAR,NÃO FOI POSSÍVEL VERIFICAR,ACERTO
171,Perfume cítrico reduz o risco de dengue,Usar perfume com aroma cítrico diariamente reduz a probabilidade de picadas do mosquito transmissor da dengue.,dengue,NÃO FOI POSSÍVEL VERIFICAR,NÃO FOI POSSÍVEL VERIFICAR,ACERTO
172,Horário das refeições influencia o risco de dengue,Fazer a última refeição antes das 18 horas reduz a chance de uma pessoa contrair dengue.,dengue,NÃO FOI POSSÍVEL VERIFICAR,NÃO FOI POSSÍVEL VERIFICAR,ACERTO
173,Ouvir música reduz a glicemia,Ouvir música durante trinta minutos diariamente reduz diretamente a glicemia de pessoas com diabetes.,diabetes,NÃO FOI POSSÍVEL VERIFICAR,NÃO FOI POSSÍVEL VERIFICAR,ACERTO
174,Chá de camomila controla o diabetes,Beber chá de camomila diariamente ajuda diretamente a controlar a glicemia de pessoas com diabetes.,diabetes,NÃO FOI POSSÍVEL VERIFICAR,NÃO FOI POSSÍVEL VERIFICAR,ACERTO
175,Banho frio reduz a glicemia,Tomar banho frio todas as manhãs reduz a glicemia de pessoas com diabetes.,diabetes,NÃO FOI POSSÍVEL VERIFICAR,NÃO FOI POSSÍVEL VERIFICAR,ACERTO
176,Dormir nove horas controla o diabetes,Dormir exatamente nove horas por noite melhora diretamente o controle da glicemia em pessoas com diabetes.,diabetes,NÃO FOI POSSÍVEL VERIFICAR,NÃO FOI POSSÍVEL VERIFICAR,ACERTO
177,Horário do café da manhã previne diabetes,Tomar café da manhã antes das sete horas reduz diretamente o risco de desenvolver diabetes tipo 2.,diabetes,NÃO FOI POSSÍVEL VERIFICAR,NÃO FOI POSSÍVEL VERIFICAR,ACERTO
178,Cor dos alimentos influencia a glicemia,Consumir alimentos predominantemente de cor verde reduz diretamente a glicemia de pessoas com diabetes.,diabetes,NÃO FOI POSSÍVEL VERIFICAR,NÃO FOI POSSÍVEL VERIFICAR,ACERTO
179,Música clássica reduz a pressão arterial permanentemente,Ouvir música clássica diariamente reduz de forma permanente a pressão arterial de pessoas com hipertensão.,hipertensao,NÃO FOI POSSÍVEL VERIFICAR,NÃO FOI POSSÍVEL VERIFICAR,ACERTO
180,Banho frio previne hipertensão,Tomar banho frio diariamente reduz o risco de uma pessoa desenvolver hipertensão arterial.,hipertensao,NÃO FOI POSSÍVEL VERIFICAR,NÃO FOI POSSÍVEL VERIFICAR,ACERTO
181,Dormir com dois travesseiros reduz a pressão,Dormir utilizando exatamente dois travesseiros ajuda a reduzir a pressão arterial de pessoas hipertensas.,hipertensao,NÃO FOI POSSÍVEL VERIFICAR,NÃO FOI POSSÍVEL VERIFICAR,ACERTO
182,Chá de camomila previne hipertensão,Beber chá de camomila todas as noites impede o desenvolvimento de hipertensão arterial.,hipertensao,NÃO FOI POSSÍVEL VERIFICAR,NÃO FOI POSSÍVEL VERIFICAR,ACERTO
183,Horário do banho influencia a pressão arterial,Tomar banho sempre antes das oito horas da manhã reduz o risco de desenvolver hipertensão.,hipertensao,NÃO FOI POSSÍVEL VERIFICAR,NÃO FOI POSSÍVEL VERIFICAR,ACERTO
184,Cor do quarto influencia a hipertensão,Dormir em um quarto com paredes azuis reduz diretamente o risco de hipertensão arterial.,hipertensao,NÃO FOI POSSÍVEL VERIFICAR,NÃO FOI POSSÍVEL VERIFICAR,ACERTO
185,Formato do comprimido determina sua eficácia,Medicamentos em comprimidos redondos são mais eficazes do que medicamentos equivalentes em comprimidos de outros formatos.,medicamentos,NÃO FOI POSSÍVEL VERIFICAR,NÃO FOI POSSÍVEL VERIFICAR,ACERTO
186,Cor da embalagem altera a eficácia do medicamento,Medicamentos vendidos em embalagens azuis apresentam maior eficácia do que os mesmos medicamentos em embalagens de outras cores.,medicamentos,NÃO FOI POSSÍVEL VERIFICAR,NÃO FOI POSSÍVEL VERIFICAR,ACERTO
187,Horário da compra influencia a eficácia do medicamento,Comprar um medicamento durante a manhã faz com que ele tenha maior eficácia do que quando comprado durante a noite.,medicamentos,NÃO FOI POSSÍVEL VERIFICAR,NÃO FOI POSSÍVEL VERIFICAR,ACERTO
188,Temperatura da água altera a eficácia de todos os comprimidos,Tomar qualquer comprimido com água gelada aumenta sua eficácia em comparação com água em temperatura ambiente.,medicamentos,NÃO FOI POSSÍVEL VERIFICAR,NÃO FOI POSSÍVEL VERIFICAR,ACERTO
189,Música durante o uso melhora o efeito dos medicamentos,Ouvir música durante a administração de um medicamento aumenta diretamente sua eficácia.,medicamentos,NÃO FOI POSSÍVEL VERIFICAR,NÃO FOI POSSÍVEL VERIFICAR,ACERTO
190,Cor do comprimido determina a duração do tratamento,Comprimidos brancos precisam ser utilizados por menos dias do que comprimidos de outras cores.,medicamentos,NÃO FOI POSSÍVEL VERIFICAR,NÃO FOI POSSÍVEL VERIFICAR,ACERTO
191,Ouvir música antes da vacina aumenta sua eficácia,Ouvir música durante trinta minutos antes da vacinação aumenta a eficácia da vacina.,vacinas,NÃO FOI POSSÍVEL VERIFICAR,NÃO FOI POSSÍVEL VERIFICAR,ACERTO
192,Tomar banho frio antes da vacina melhora a resposta vacinal,Tomar banho frio imediatamente antes de receber uma vacina aumenta a eficácia da vacinação.,vacinas,NÃO FOI POSSÍVEL VERIFICAR,NÃO FOI POSSÍVEL VERIFICAR,ACERTO
193,Cor da roupa interfere na resposta à vacina,Usar roupas azuis no momento da vacinação aumenta a resposta do organismo à vacina.,vacinas,NÃO FOI POSSÍVEL VERIFICAR,NÃO FOI POSSÍVEL VERIFICAR,ACERTO
194,Horário da vacinação determina a ocorrência de eventos adversos,Receber uma vacina antes das oito horas da manhã reduz a ocorrência de eventos adversos.,vacinas,NÃO FOI POSSÍVEL VERIFICAR,NÃO FOI POSSÍVEL VERIFICAR,ACERTO
195,Dormir nove horas antes da vacinação impede eventos adversos,Dormir exatamente nove horas na noite anterior à vacinação impede a ocorrência de eventos adversos.,vacinas,NÃO FOI POSSÍVEL VERIFICAR,NÃO FOI POSSÍVEL VERIFICAR,ACERTO
196,Beber água gelada melhora a eficácia das vacinas,Beber um copo de água gelada imediatamente após a vacinação aumenta a eficácia da vacina.,vacinas,NÃO FOI POSSÍVEL VERIFICAR,NÃO FOI POSSÍVEL VERIFICAR,ACERTO
197,Cor do ambiente interfere na vacinação,Receber uma vacina em uma sala com paredes verdes aumenta a resposta imunológica produzida pela vacinação.,vacinas,NÃO FOI POSSÍVEL VERIFICAR,NÃO FOI POSSÍVEL VERIFICAR,ACERTO
198,Música reduz eventos adversos após vacinação,Ouvir música durante a aplicação da vacina reduz a probabilidade de apresentar eventos adversos posteriormente.,vacinas,NÃO FOI POSSÍVEL VERIFICAR,NÃO FOI POSSÍVEL VERIFICAR,ACERTO
199,Dia da semana altera a eficácia da vacina,Vacinas aplicadas às segundas-feiras apresentam maior eficácia do que as mesmas vacinas aplicadas em outros dias da semana.,vacinas,NÃO FOI POSSÍVEL VERIFICAR,NÃO FOI POSSÍVEL VERIFICAR,ACERTO
200,Temperatura da bebida após vacinação altera sua eficácia,Consumir bebidas quentes imediatamente após receber uma vacina aumenta a proteção produzida pela vacinação.,vacinas,NÃO FOI POSSÍVEL VERIFICAR,NÃO FOI POSSÍVEL VERIFICAR,ACERTO
